Sl. No.,NT,THT,THt2,THQCr,CT,Ct3,DT,Dt4,QmT,TT,Tt5,TCr,C,Ni,Cr,Mo,Fatigue,,,
1,885,30,0,0,30,0,30,0,30,30,0,0,0.26,0.01,0.02,0,232,,,
2,885,30,0,0,30,0,30,0,30,30,0,0,0.25,0.08,0.12,0,235,,,
3,885,30,0,0,30,0,30,0,30,30,0,0,0.26,0.02,0.03,0,235,,,
4,885,30,0,0,30,0,30,0,30,30,0,0,0.26,0.01,0.02,0,241,,,
5,885,30,0,0,30,0,30,0,30,30,0,0,0.22,0.01,0.02,0,225,,,
6,885,30,0,0,30,0,30,0,30,30,0,0,0.26,0.02,0.05,0,245,,,
7,885,30,0,0,30,0,30,0,30,30,0,0,0.28,0.02,0.03,0,255,,,
8,885,30,0,0,30,0,30,0,30,30,0,0,0.27,0.01,0.02,0,245,,,
9,885,30,0,0,30,0,30,0,30,30,0,0,0.27,0.06,0.1,0,275,,,
10,885,30,0,0,30,0,30,0,30,30,0,0,0.22,0.02,0.02,0,239,,,
11,885,30,0,0,30,0,30,0,30,30,0,0,0.23,0.01,0.03,0,255,,,
12,865,865,30,24,30,0,30,0,30,550,60,24,0.35,0.01,0.01,0,397,,,
13,865,865,30,24,30,0,30,0,30,550,60,24,0.35,0.01,0.1,0,419,,,
14,865,865,30,24,30,0,30,0,30,550,60,24,0.34,0.01,0.02,0,401,,,
15,865,865,30,24,30,0,30,0,30,550,60,24,0.36,0.08,0.12,0,394,,,
16,865,865,30,24,30,0,30,0,30,550,60,24,0.33,0.01,0.03,0,426,,,
17,865,865,30,24,30,0,30,0,30,550,60,24,0.38,0.06,0.09,0,426,,,
18,865,865,30,24,30,0,30,0,30,550,60,24,0.33,0.01,0.1,0,454,,,
19,865,865,30,24,30,0,30,0,30,550,60,24,0.32,0.02,0.02,0,418,,,
20,865,865,30,24,30,0,30,0,30,550,60,24,0.37,0.01,0.11,0,416,,,
21,865,865,30,24,30,0,30,0,30,550,60,24,0.35,0.03,0.01,0,395,,,
22,865,865,30,24,30,0,30,0,30,550,60,24,0.37,0.02,0.02,0,433,,,
23,865,865,30,24,30,0,30,0,30,550,60,24,0.32,0.06,0.1,0,379,,,
24,865,865,30,24,30,0,30,0,30,600,60,24,0.35,0.01,0.01,0,382,,,
25,865,865,30,24,30,0,30,0,30,600,60,24,0.35,0.01,0.1,0,385,,,
26,865,865,30,24,30,0,30,0,30,600,60,24,0.34,0.01,0.02,0,365,,,
27,865,865,30,24,30,0,30,0,30,600,60,24,0.36,0.08,0.12,0,379,,,
28,865,865,30,24,30,0,30,0,30,600,60,24,0.33,0.01,0.03,0,377,,,
29,865,865,30,24,30,0,30,0,30,600,60,24,0.38,0.06,0.09,0,394,,,
30,865,865,30,24,30,0,30,0,30,600,60,24,0.33,0.01,0.1,0,425,,,
31,865,865,30,24,30,0,30,0,30,600,60,24,0.32,0.02,0.02,0,395,,,
32,865,865,30,24,30,0,30,0,30,600,60,24,0.37,0.01,0.11,0,393,,,
33,865,865,30,24,30,0,30,0,30,600,60,24,0.35,0.03,0.01,0,375,,,
34,865,865,30,24,30,0,30,0,30,600,60,24,0.37,0.02,0.02,0,389,,,
35,865,865,30,24,30,0,30,0,30,600,60,24,0.32,0.06,0.1,0,358,,,
36,865,865,30,24,30,0,30,0,30,650,60,24,0.35,0.01,0.01,0,344,,,
37,865,865,30,24,30,0,30,0,30,650,60,24,0.35,0.01,0.1,0,369,,,
38,865,865,30,24,30,0,30,0,30,650,60,24,0.34,0.01,0.02,0,325,,,
39,865,865,30,24,30,0,30,0,30,650,60,24,0.36,0.08,0.12,0,338,,,
40,865,865,30,24,30,0,30,0,30,650,60,24,0.33,0.01,0.03,0,362,,,
41,865,865,30,24,30,0,30,0,30,650,60,24,0.38,0.06,0.09,0,361,,,
42,865,865,30,24,30,0,30,0,30,650,60,24,0.33,0.01,0.1,0,385,,,
43,865,865,30,24,30,0,30,0,30,650,60,24,0.32,0.02,0.02,0,348,,,
44,865,865,30,24,30,0,30,0,30,650,60,24,0.37,0.01,0.11,0,368,,,
45,865,865,30,24,30,0,30,0,30,650,60,24,0.35,0.03,0.01,0,341,,,
46,865,865,30,24,30,0,30,0,30,650,60,24,0.37,0.02,0.02,0,365,,,
47,865,865,30,24,30,0,30,0,30,650,60,24,0.32,0.06,0.1,0,325,,,
48,845,845,30,24,30,0,30,0,30,550,60,24,0.45,0.02,0.13,0,513,,,
49,845,845,30,24,30,0,30,0,30,550,60,24,0.45,0.01,0.11,0,448,,,
50,845,845,30,24,30,0,30,0,30,550,60,24,0.45,0.12,0.06,0,465,,,
51,845,845,30,24,30,0,30,0,30,550,60,24,0.44,0.03,0.02,0,446,,,
52,845,845,30,24,30,0,30,0,30,550,60,24,0.42,0.01,0.02,0,437,,,
53,845,845,30,24,30,0,30,0,30,550,60,24,0.48,0.02,0.1,0,502,,,
54,845,845,30,24,30,0,30,0,30,550,60,24,0.47,0.13,0.04,0,465,,,
55,845,845,30,24,30,0,30,0,30,550,60,24,0.43,0.01,0.12,0,475,,,
56,845,845,30,24,30,0,30,0,30,550,60,24,0.49,0.02,0.09,0,504,,,
57,845,845,30,24,30,0,30,0,30,550,60,24,0.45,0.12,0.04,0,486,,,
58,845,845,30,24,30,0,30,0,30,550,60,24,0.42,0.01,0.1,0,452,,,
59,845,845,30,24,30,0,30,0,30,600,60,24,0.45,0.02,0.13,0,459,,,
60,845,845,30,24,30,0,30,0,30,600,60,24,0.45,0.01,0.11,0,415,,,
61,845,845,30,24,30,0,30,0,30,600,60,24,0.45,0.12,0.06,0,437,,,
62,845,845,30,24,30,0,30,0,30,600,60,24,0.44,0.03,0.02,0,415,,,
63,845,845,30,24,30,0,30,0,30,600,60,24,0.42,0.01,0.02,0,401,,,
64,845,845,30,24,30,0,30,0,30,600,60,24,0.48,0.02,0.1,0,463,,,
65,845,845,30,24,30,0,30,0,30,600,60,24,0.47,0.13,0.04,0,442,,,
66,845,845,30,24,30,0,30,0,30,600,60,24,0.43,0.01,0.12,0,438,,,
67,845,845,30,24,30,0,30,0,30,600,60,24,0.49,0.02,0.09,0,468,,,
68,845,845,30,24,30,0,30,0,30,600,60,24,0.45,0.12,0.04,0,452,,,
69,845,845,30,24,30,0,30,0,30,600,60,24,0.42,0.01,0.1,0,422,,,
70,845,845,30,24,30,0,30,0,30,650,60,24,0.45,0.02,0.13,0,413,,,
71,845,845,30,24,30,0,30,0,30,650,60,24,0.45,0.01,0.11,0,395,,,
72,845,845,30,24,30,0,30,0,30,650,60,24,0.45,0.12,0.06,0,398,,,
73,845,845,30,24,30,0,30,0,30,650,60,24,0.44,0.03,0.02,0,378,,,
74,845,845,30,24,30,0,30,0,30,650,60,24,0.42,0.01,0.02,0,372,,,
75,845,845,30,24,30,0,30,0,30,650,60,24,0.48,0.02,0.1,0,415,,,
76,845,845,30,24,30,0,30,0,30,650,60,24,0.47,0.13,0.04,0,396,,,
77,845,845,30,24,30,0,30,0,30,650,60,24,0.43,0.01,0.12,0,388,,,
78,845,845,30,24,30,0,30,0,30,650,60,24,0.49,0.02,0.09,0,415,,,
79,845,845,30,24,30,0,30,0,30,650,60,24,0.45,0.12,0.04,0,398,,,
80,845,845,30,24,30,0,30,0,30,650,60,24,0.42,0.01,0.1,0,382,,,
81,825,825,30,24,30,0,30,0,30,550,60,24,0.55,0.01,0.09,0,523,,,
82,825,825,30,24,30,0,30,0,30,550,60,24,0.54,0.02,0.12,0,534,,,
83,825,825,30,24,30,0,30,0,30,550,60,24,0.52,0.04,0.04,0,489,,,
84,825,825,30,24,30,0,30,0,30,550,60,24,0.56,0.04,0.13,0,500,,,
85,825,825,30,24,30,0,30,0,30,550,60,24,0.54,0.01,0.01,0,495,,,
86,825,825,30,24,30,0,30,0,30,550,60,24,0.57,0.01,0.12,0,522,,,
87,825,825,30,24,30,0,30,0,30,550,60,24,0.53,0.02,0.12,0,531,,,
88,825,825,30,24,30,0,30,0,30,550,60,24,0.57,0.02,0.1,0,533,,,
89,825,825,30,24,30,0,30,0,30,550,60,24,0.56,0.03,0.1,0,492,,,
90,825,825,30,24,30,0,30,0,30,550,60,24,0.52,0.02,0.1,0,505,,,
91,825,825,30,24,30,0,30,0,30,550,60,24,0.54,0.06,0.1,0,541,,,
92,825,825,30,24,30,0,30,0,30,600,60,24,0.55,0.01,0.09,0,468,,,
93,825,825,30,24,30,0,30,0,30,600,60,24,0.54,0.02,0.12,0,459,,,
94,825,825,30,24,30,0,30,0,30,600,60,24,0.52,0.04,0.04,0,444,,,
95,825,825,30,24,30,0,30,0,30,600,60,24,0.56,0.04,0.13,0,458,,,
96,825,825,30,24,30,0,30,0,30,600,60,24,0.54,0.01,0.01,0,445,,,
97,825,825,30,24,30,0,30,0,30,600,60,24,0.57,0.01,0.12,0,464,,,
98,825,825,30,24,30,0,30,0,30,600,60,24,0.53,0.02,0.12,0,466,,,
99,825,825,30,24,30,0,30,0,30,600,60,24,0.57,0.02,0.1,0,486,,,
100,825,825,30,24,30,0,30,0,30,600,60,24,0.56,0.03,0.1,0,461,,,
101,825,825,30,24,30,0,30,0,30,600,60,24,0.52,0.02,0.1,0,464,,,
102,825,825,30,24,30,0,30,0,30,600,60,24,0.54,0.06,0.1,0,475,,,
103,825,825,30,24,30,0,30,0,30,650,60,24,0.55,0.01,0.09,0,419,,,
104,825,825,30,24,30,0,30,0,30,650,60,24,0.54,0.02,0.12,0,418,,,
105,825,825,30,24,30,0,30,0,30,650,60,24,0.52,0.04,0.04,0,402,,,
106,825,825,30,24,30,0,30,0,30,650,60,24,0.56,0.04,0.13,0,398,,,
107,825,825,30,24,30,0,30,0,30,650,60,24,0.54,0.01,0.01,0,411,,,
108,825,825,30,24,30,0,30,0,30,650,60,24,0.57,0.01,0.12,0,428,,,
109,825,825,30,24,30,0,30,0,30,650,60,24,0.53,0.02,0.12,0,415,,,
110,825,825,30,24,30,0,30,0,30,650,60,24,0.57,0.02,0.1,0,425,,,
111,825,825,30,24,30,0,30,0,30,650,60,24,0.56,0.03,0.1,0,412,,,
112,825,825,30,24,30,0,30,0,30,650,60,24,0.52,0.02,0.1,0,410,,,
113,825,825,30,24,30,0,30,0,30,650,60,24,0.54,0.06,0.1,0,415,,,
114,870,855,30,8,30,0,30,0,30,550,60,24,0.43,0.03,1.12,0,582,,,
115,870,855,30,8,30,0,30,0,30,550,60,24,0.42,0.02,0.96,0,524,,,
116,870,855,30,8,30,0,30,0,30,550,60,24,0.4,0.07,1.1,0,583,,,
117,870,855,30,8,30,0,30,0,30,550,60,24,0.42,0.03,1.06,0,569,,,
118,870,855,30,8,30,0,30,0,30,550,60,24,0.39,0.06,0.98,0,536,,,
119,870,855,30,8,30,0,30,0,30,550,60,24,0.42,0.03,1.09,0,577,,,
120,870,855,30,8,30,0,30,0,30,550,60,24,0.42,0.04,0.94,0,565,,,
121,870,855,30,8,30,0,30,0,30,550,60,24,0.4,0.05,1.09,0,562,,,
122,870,855,30,8,30,0,30,0,30,600,60,24,0.43,0.03,1.12,0,522,,,
123,870,855,30,8,30,0,30,0,30,600,60,24,0.42,0.02,0.96,0,504,,,
124,870,855,30,8,30,0,30,0,30,600,60,24,0.4,0.07,1.1,0,516,,,
125,870,855,30,8,30,0,30,0,30,600,60,24,0.42,0.03,1.06,0,517,,,
126,870,855,30,8,30,0,30,0,30,600,60,24,0.39,0.06,0.98,0,511,,,
127,870,855,30,8,30,0,30,0,30,600,60,24,0.42,0.03,1.09,0,518,,,
128,870,855,30,8,30,0,30,0,30,600,60,24,0.42,0.04,0.94,0,524,,,
129,870,855,30,8,30,0,30,0,30,600,60,24,0.4,0.05,1.09,0,503,,,
130,870,855,30,8,30,0,30,0,30,650,60,24,0.43,0.03,1.12,0,483,,,
131,870,855,30,8,30,0,30,0,30,650,60,24,0.42,0.02,0.96,0,457,,,
132,870,855,30,8,30,0,30,0,30,650,60,24,0.4,0.07,1.1,0,482,,,
133,870,855,30,8,30,0,30,0,30,650,60,24,0.42,0.03,1.06,0,470,,,
134,870,855,30,8,30,0,30,0,30,650,60,24,0.39,0.06,0.98,0,459,,,
135,870,855,30,8,30,0,30,0,30,650,60,24,0.42,0.03,1.09,0,490,,,
136,870,855,30,8,30,0,30,0,30,650,60,24,0.42,0.04,0.94,0,485,,,
137,870,855,30,8,30,0,30,0,30,650,60,24,0.4,0.05,1.09,0,483,,,
138,870,855,30,8,30,0,30,0,30,550,60,24,0.36,0.05,1.01,0.16,587,,,
139,870,855,30,8,30,0,30,0,30,550,60,24,0.35,0.02,1.03,0.15,571,,,
140,870,855,30,8,30,0,30,0,30,550,60,24,0.36,0.03,1.03,0.17,578,,,
141,870,855,30,8,30,0,30,0,30,550,60,24,0.36,0.05,0.99,0.16,526,,,
142,870,855,30,8,30,0,30,0,30,550,60,24,0.34,0.12,1.01,0.17,535,,,
143,870,855,30,8,30,0,30,0,30,550,60,24,0.36,0.05,0.97,0.15,572,,,
144,870,855,30,8,30,0,30,0,30,550,60,24,0.37,0.04,1.09,0.16,562,,,
145,870,855,30,8,30,0,30,0,30,550,60,24,0.35,0.08,0.99,0.19,563,,,
146,870,855,30,8,30,0,30,0,30,550,60,24,0.35,0.02,1.06,0.17,583,,,
147,870,855,30,8,30,0,30,0,30,550,60,24,0.33,0.04,0.99,0.18,585,,,
148,870,855,30,8,30,0,30,0,30,550,60,24,0.35,0.01,1,0.16,592,,,
149,870,855,30,8,30,0,30,0,30,550,60,24,0.37,0.12,1.01,0.16,573,,,
150,870,855,30,8,30,0,30,0,30,550,60,24,0.38,0.07,1.07,0.16,536,,,
151,870,855,30,8,30,0,30,0,30,550,60,24,0.34,0.11,1.05,0.16,557,,,
152,870,855,30,8,30,0,30,0,30,600,60,24,0.36,0.05,1.01,0.16,552,,,
153,870,855,30,8,30,0,30,0,30,600,60,24,0.35,0.02,1.03,0.15,519,,,
154,870,855,30,8,30,0,30,0,30,600,60,24,0.36,0.03,1.03,0.17,524,,,
155,870,855,30,8,30,0,30,0,30,600,60,24,0.36,0.05,0.99,0.16,508,,,
156,870,855,30,8,30,0,30,0,30,600,60,24,0.34,0.12,1.01,0.17,490,,,
157,870,855,30,8,30,0,30,0,30,600,60,24,0.36,0.05,0.97,0.15,550,,,
158,870,855,30,8,30,0,30,0,30,600,60,24,0.37,0.04,1.09,0.16,515,,,
159,870,855,30,8,30,0,30,0,30,600,60,24,0.35,0.08,0.99,0.19,530,,,
160,870,855,30,8,30,0,30,0,30,600,60,24,0.35,0.02,1.06,0.17,546,,,
161,870,855,30,8,30,0,30,0,30,600,60,24,0.33,0.04,0.99,0.18,535,,,
162,870,855,30,8,30,0,30,0,30,600,60,24,0.35,0.01,1,0.16,550,,,
163,870,855,30,8,30,0,30,0,30,600,60,24,0.37,0.12,1.01,0.16,542,,,
164,870,855,30,8,30,0,30,0,30,600,60,24,0.38,0.07,1.07,0.16,592,,,
165,870,855,30,8,30,0,30,0,30,600,60,24,0.34,0.11,1.05,0.16,524,,,
166,870,855,30,8,30,0,30,0,30,650,60,24,0.36,0.05,1.01,0.16,497,,,
167,870,855,30,8,30,0,30,0,30,650,60,24,0.35,0.02,1.03,0.15,491,,,
168,870,855,30,8,30,0,30,0,30,650,60,24,0.36,0.03,1.03,0.17,463,,,
169,870,855,30,8,30,0,30,0,30,650,60,24,0.36,0.05,0.99,0.16,464,,,
170,870,855,30,8,30,0,30,0,30,650,60,24,0.34,0.12,1.01,0.17,459,,,
171,870,855,30,8,30,0,30,0,30,650,60,24,0.36,0.05,0.97,0.15,489,,,
172,870,855,30,8,30,0,30,0,30,650,60,24,0.37,0.04,1.09,0.16,477,,,
173,870,855,30,8,30,0,30,0,30,650,60,24,0.35,0.08,0.99,0.19,469,,,
174,870,855,30,8,30,0,30,0,30,650,60,24,0.35,0.02,1.06,0.17,496,,,
175,870,855,30,8,30,0,30,0,30,650,60,24,0.33,0.04,0.99,0.18,467,,,
176,870,855,30,8,30,0,30,0,30,650,60,24,0.35,0.01,1,0.16,511,,,
177,870,855,30,8,30,0,30,0,30,650,60,24,0.37,0.12,1.01,0.16,490,,,
178,870,855,30,8,30,0,30,0,30,650,60,24,0.38,0.07,1.07,0.16,523,,,
179,870,855,30,8,30,0,30,0,30,650,60,24,0.34,0.11,1.05,0.16,476,,,
180,870,855,30,8,30,0,30,0,30,550,60,24,0.41,0.04,1.06,0.2,610,,,
181,870,855,30,8,30,0,30,0,30,550,60,24,0.39,0.1,0.96,0.17,581,,,
182,870,855,30,8,30,0,30,0,30,550,60,24,0.43,0.02,1.07,0.22,625,,,
183,870,855,30,8,30,0,30,0,30,550,60,24,0.4,0.05,0.98,0.17,562,,,
184,870,855,30,8,30,0,30,0,30,550,60,24,0.41,0.03,1.02,0.18,635,,,
185,870,855,30,8,30,0,30,0,30,550,60,24,0.41,0.05,0.99,0.16,566,,,
186,870,855,30,8,30,0,30,0,30,550,60,24,0.39,0.09,1.08,0.19,638,,,
187,870,855,30,8,30,0,30,0,30,550,60,24,0.37,0.02,1,0.19,606,,,
188,870,855,30,8,30,0,30,0,30,550,60,24,0.42,0.12,1.1,0.15,582,,,
189,870,855,30,8,30,0,30,0,30,550,60,24,0.42,0.07,1.04,0.17,634,,,
190,870,855,30,8,30,0,30,0,30,550,60,24,0.4,0.13,1.01,0.17,585,,,
191,870,855,30,8,30,0,30,0,30,550,60,24,0.4,0.07,1.06,0.18,603,,,
192,870,855,30,8,30,0,30,0,30,550,60,24,0.4,0.04,0.94,0.17,625,,,
193,870,855,30,8,30,0,30,0,30,550,60,24,0.4,0.24,0.96,0.18,631,,,
194,870,855,30,8,30,0,30,0,30,550,60,24,0.44,0.02,1.05,0.21,625,,,
195,870,855,30,8,30,0,30,0,30,600,60,24,0.41,0.04,1.06,0.2,551,,,
196,870,855,30,8,30,0,30,0,30,600,60,24,0.39,0.1,0.96,0.17,539,,,
197,870,855,30,8,30,0,30,0,30,600,60,24,0.43,0.02,1.07,0.22,564,,,
198,870,855,30,8,30,0,30,0,30,600,60,24,0.4,0.05,0.98,0.17,550,,,
199,870,855,30,8,30,0,30,0,30,600,60,24,0.41,0.03,1.02,0.18,590,,,
200,870,855,30,8,30,0,30,0,30,600,60,24,0.41,0.05,0.99,0.16,527,,,
201,870,855,30,8,30,0,30,0,30,600,60,24,0.39,0.09,1.08,0.19,557,,,
202,870,855,30,8,30,0,30,0,30,600,60,24,0.37,0.02,1,0.19,551,,,
203,870,855,30,8,30,0,30,0,30,600,60,24,0.42,0.12,1.1,0.15,583,,,
204,870,855,30,8,30,0,30,0,30,600,60,24,0.42,0.07,1.04,0.17,570,,,
205,870,855,30,8,30,0,30,0,30,600,60,24,0.4,0.13,1.01,0.17,543,,,
206,870,855,30,8,30,0,30,0,30,600,60,24,0.4,0.07,1.06,0.18,543,,,
207,870,855,30,8,30,0,30,0,30,600,60,24,0.4,0.04,0.94,0.17,563,,,
208,870,855,30,8,30,0,30,0,30,600,60,24,0.4,0.24,0.96,0.18,577,,,
209,870,855,30,8,30,0,30,0,30,600,60,24,0.44,0.02,1.05,0.21,578,,,
210,870,855,30,8,30,0,30,0,30,650,60,24,0.41,0.04,1.06,0.2,490,,,
211,870,855,30,8,30,0,30,0,30,650,60,24,0.39,0.1,0.96,0.17,496,,,
212,870,855,30,8,30,0,30,0,30,650,60,24,0.43,0.02,1.07,0.22,511,,,
213,870,855,30,8,30,0,30,0,30,650,60,24,0.4,0.05,0.98,0.17,494,,,
214,870,855,30,8,30,0,30,0,30,650,60,24,0.41,0.03,1.02,0.18,517,,,
215,870,855,30,8,30,0,30,0,30,650,60,24,0.41,0.05,0.99,0.16,480,,,
216,870,855,30,8,30,0,30,0,30,650,60,24,0.39,0.09,1.08,0.19,502,,,
217,870,855,30,8,30,0,30,0,30,650,60,24,0.37,0.02,1,0.19,504,,,
218,870,855,30,8,30,0,30,0,30,650,60,24,0.42,0.12,1.1,0.15,505,,,
219,870,855,30,8,30,0,30,0,30,650,60,24,0.42,0.07,1.04,0.17,502,,,
220,870,855,30,8,30,0,30,0,30,650,60,24,0.4,0.13,1.01,0.17,496,,,
221,870,855,30,8,30,0,30,0,30,650,60,24,0.4,0.07,1.06,0.18,501,,,
222,870,855,30,8,30,0,30,0,30,650,60,24,0.4,0.04,0.94,0.17,517,,,
223,870,855,30,8,30,0,30,0,30,650,60,24,0.4,0.24,0.96,0.18,523,,,
224,870,855,30,8,30,0,30,0,30,650,60,24,0.44,0.02,1.05,0.21,516,,,
225,870,845,30,8,30,0,30,0,30,550,60,24,0.39,0.05,0.13,0,486,,,
226,870,845,30,8,30,0,30,0,30,550,60,24,0.38,0.03,0.13,0,427,,,
227,870,845,30,8,30,0,30,0,30,550,60,24,0.4,0.02,0.13,0,510,,,
228,870,845,30,8,30,0,30,0,30,550,60,24,0.4,0.06,0.09,0,451,,,
229,870,845,30,8,30,0,30,0,30,550,60,24,0.41,0.04,0.22,0,425,,,
230,870,845,30,8,30,0,30,0,30,550,60,24,0.38,0.03,0.2,0,432,,,
231,870,845,30,8,30,0,30,0,30,550,60,24,0.4,0.02,0.03,0,482,,,
232,870,845,30,8,30,0,30,0,30,600,60,24,0.39,0.05,0.13,0,435,,,
233,870,845,30,8,30,0,30,0,30,600,60,24,0.38,0.03,0.13,0,406,,,
234,870,845,30,8,30,0,30,0,30,600,60,24,0.4,0.02,0.13,0,470,,,
235,870,845,30,8,30,0,30,0,30,600,60,24,0.4,0.06,0.09,0,438,,,
236,870,845,30,8,30,0,30,0,30,600,60,24,0.41,0.04,0.22,0,404,,,
237,870,845,30,8,30,0,30,0,30,600,60,24,0.38,0.03,0.2,0,406,,,
238,870,845,30,8,30,0,30,0,30,600,60,24,0.4,0.02,0.03,0,443,,,
239,870,845,30,8,30,0,30,0,30,650,60,24,0.39,0.05,0.13,0,397,,,
240,870,845,30,8,30,0,30,0,30,650,60,24,0.38,0.03,0.13,0,385,,,
241,870,845,30,8,30,0,30,0,30,650,60,24,0.4,0.02,0.13,0,425,,,
242,870,845,30,8,30,0,30,0,30,650,60,24,0.4,0.06,0.09,0,396,,,
243,870,845,30,8,30,0,30,0,30,650,60,24,0.41,0.04,0.22,0,380,,,
244,870,845,30,8,30,0,30,0,30,650,60,24,0.38,0.03,0.2,0,363,,,
245,870,845,30,8,30,0,30,0,30,650,60,24,0.4,0.02,0.03,0,398,,,
246,870,845,30,8,30,0,30,0,30,550,60,24,0.42,0.04,0.15,0,505,,,
247,870,845,30,8,30,0,30,0,30,550,60,24,0.43,0.08,0.26,0,536,,,
248,870,845,30,8,30,0,30,0,30,550,60,24,0.42,0.03,0.12,0,484,,,
249,870,845,30,8,30,0,30,0,30,550,60,24,0.42,0.06,0.17,0,495,,,
250,870,845,30,8,30,0,30,0,30,550,60,24,0.42,0.02,0.12,0,551,,,
251,870,845,30,8,30,0,30,0,30,550,60,24,0.45,0.06,0.1,0,477,,,
252,870,845,30,8,30,0,30,0,30,550,60,24,0.41,0.07,0.27,0,530,,,
253,870,845,30,8,30,0,30,0,30,550,60,24,0.4,0.02,0.04,0,516,,,
254,870,845,30,8,30,0,30,0,30,550,60,24,0.41,0.03,0.08,0,445,,,
255,870,845,30,8,30,0,30,0,30,550,60,24,0.46,0.1,0.26,0,551,,,
256,870,845,30,8,30,0,30,0,30,550,60,24,0.43,0.02,0.19,0,510,,,
257,870,845,30,8,30,0,30,0,30,550,60,24,0.41,0.04,0.13,0,443,,,
258,870,845,30,8,30,0,30,0,30,600,60,24,0.42,0.04,0.15,0,449,,,
259,870,845,30,8,30,0,30,0,30,600,60,24,0.43,0.08,0.26,0,502,,,
260,870,845,30,8,30,0,30,0,30,600,60,24,0.42,0.03,0.12,0,451,,,
261,870,845,30,8,30,0,30,0,30,600,60,24,0.42,0.06,0.17,0,459,,,
262,870,845,30,8,30,0,30,0,30,600,60,24,0.42,0.02,0.12,0,497,,,
263,870,845,30,8,30,0,30,0,30,600,60,24,0.45,0.06,0.1,0,451,,,
264,870,845,30,8,30,0,30,0,30,600,60,24,0.41,0.07,0.27,0,497,,,
265,870,845,30,8,30,0,30,0,30,600,60,24,0.4,0.02,0.04,0,461,,,
266,870,845,30,8,30,0,30,0,30,600,60,24,0.41,0.03,0.08,0,399,,,
267,870,845,30,8,30,0,30,0,30,600,60,24,0.46,0.1,0.26,0,502,,,
268,870,845,30,8,30,0,30,0,30,600,60,24,0.43,0.02,0.19,0,490,,,
269,870,845,30,8,30,0,30,0,30,600,60,24,0.41,0.04,0.13,0,424,,,
270,870,845,30,8,30,0,30,0,30,650,60,24,0.42,0.04,0.15,0,411,,,
271,870,845,30,8,30,0,30,0,30,650,60,24,0.43,0.08,0.26,0,448,,,
272,870,845,30,8,30,0,30,0,30,650,60,24,0.42,0.03,0.12,0,404,,,
273,870,845,30,8,30,0,30,0,30,650,60,24,0.42,0.06,0.17,0,411,,,
274,870,845,30,8,30,0,30,0,30,650,60,24,0.42,0.02,0.12,0,438,,,
275,870,845,30,8,30,0,30,0,30,650,60,24,0.45,0.06,0.1,0,410,,,
276,870,845,30,8,30,0,30,0,30,650,60,24,0.41,0.07,0.27,0,450,,,
277,870,845,30,8,30,0,30,0,30,650,60,24,0.4,0.02,0.04,0,410,,,
278,870,845,30,8,30,0,30,0,30,650,60,24,0.41,0.03,0.08,0,383,,,
279,870,845,30,8,30,0,30,0,30,650,60,24,0.46,0.1,0.26,0,460,,,
280,870,845,30,8,30,0,30,0,30,650,60,24,0.43,0.02,0.19,0,442,,,
281,870,845,30,8,30,0,30,0,30,650,60,24,0.41,0.04,0.13,0,399,,,
282,900,845,30,8,30,0,30,0,30,550,60,24,0.32,2.66,0.82,0,563,,,
283,900,845,30,8,30,0,30,0,30,550,60,24,0.32,2.65,0.71,0,530,,,
284,900,845,30,8,30,0,30,0,30,550,60,24,0.32,2.64,0.75,0,570,,,
285,900,845,30,8,30,0,30,0,30,550,60,24,0.35,2.78,0.89,0,578,,,
286,900,845,30,8,30,0,30,0,30,550,60,24,0.31,2.63,0.71,0,537,,,
287,900,845,30,8,30,0,30,0,30,550,60,24,0.33,2.66,0.82,0,569,,,
288,900,845,30,8,30,0,30,0,30,550,60,24,0.28,2.67,0.87,0,576,,,
289,900,845,30,8,30,0,30,0,30,550,60,24,0.34,2.63,0.84,0,549,,,
290,900,845,30,8,30,0,30,0,30,550,60,24,0.3,2.7,0.81,0,522,,,
291,900,845,30,8,30,0,30,0,30,550,60,24,0.32,2.67,0.77,0,570,,,
292,900,845,30,8,30,0,30,0,30,600,60,24,0.32,2.66,0.82,0,510,,,
293,900,845,30,8,30,0,30,0,30,600,60,24,0.32,2.65,0.71,0,510,,,
294,900,845,30,8,30,0,30,0,30,600,60,24,0.32,2.64,0.75,0,517,,,
295,900,845,30,8,30,0,30,0,30,600,60,24,0.35,2.78,0.89,0,540,,,
296,900,845,30,8,30,0,30,0,30,600,60,24,0.31,2.63,0.71,0,518,,,
297,900,845,30,8,30,0,30,0,30,600,60,24,0.33,2.66,0.82,0,523,,,
298,900,845,30,8,30,0,30,0,30,600,60,24,0.28,2.67,0.87,0,537,,,
299,900,845,30,8,30,0,30,0,30,600,60,24,0.34,2.63,0.84,0,536,,,
300,900,845,30,8,30,0,30,0,30,600,60,24,0.3,2.7,0.81,0,503,,,
301,900,845,30,8,30,0,30,0,30,600,60,24,0.32,2.67,0.77,0,540,,,
302,900,845,30,8,30,0,30,0,30,650,60,24,0.32,2.66,0.82,0,490,,,
303,900,845,30,8,30,0,30,0,30,650,60,24,0.32,2.65,0.71,0,477,,,
304,900,845,30,8,30,0,30,0,30,650,60,24,0.32,2.64,0.75,0,483,,,
305,900,845,30,8,30,0,30,0,30,650,60,24,0.35,2.78,0.89,0,503,,,
306,900,845,30,8,30,0,30,0,30,650,60,24,0.31,2.63,0.71,0,471,,,
307,900,845,30,8,30,0,30,0,30,650,60,24,0.33,2.66,0.82,0,476,,,
308,900,845,30,8,30,0,30,0,30,650,60,24,0.28,2.67,0.87,0,502,,,
309,900,845,30,8,30,0,30,0,30,650,60,24,0.34,2.63,0.84,0,496,,,
310,900,845,30,8,30,0,30,0,30,650,60,24,0.3,2.7,0.81,0,471,,,
311,900,845,30,8,30,0,30,0,30,650,60,24,0.32,2.67,0.77,0,497,,,
312,870,845,30,8,30,0,30,0,30,580,60,24,0.39,1.67,0.72,0.18,591,,,
313,870,845,30,8,30,0,30,0,30,580,60,24,0.4,1.82,0.78,0.18,590,,,
314,870,845,30,8,30,0,30,0,30,580,60,24,0.4,1.92,0.96,0.24,606,,,
315,870,845,30,8,30,0,30,0,30,580,60,24,0.4,1.63,0.71,0.17,584,,,
316,870,845,30,8,30,0,30,0,30,580,60,24,0.38,1.8,0.75,0.23,604,,,
317,870,845,30,8,30,0,30,0,30,580,60,24,0.4,1.71,0.74,0.2,591,,,
318,870,845,30,8,30,0,30,0,30,580,60,24,0.42,1.69,0.73,0.22,588,,,
319,870,845,30,8,30,0,30,0,30,580,60,24,0.38,1.66,0.72,0.16,588,,,
320,870,845,30,8,30,0,30,0,30,580,60,24,0.41,1.84,0.74,0.22,550,,,
321,870,845,30,8,30,0,30,0,30,580,60,24,0.39,1.76,0.82,0.23,609,,,
322,870,845,30,8,30,0,30,0,30,580,60,24,0.38,1.75,0.74,0.19,604,,,
323,870,845,30,8,30,0,30,0,30,580,60,24,0.42,1.9,0.86,0.24,619,,,
324,870,845,30,8,30,0,30,0,30,580,60,24,0.37,1.88,0.9,0.24,643,,,
325,870,845,30,8,30,0,30,0,30,580,60,24,0.43,1.62,0.68,0.17,569,,,
326,870,845,30,8,30,0,30,0,30,630,60,24,0.39,1.67,0.72,0.18,551,,,
327,870,845,30,8,30,0,30,0,30,630,60,24,0.4,1.82,0.78,0.18,543,,,
328,870,845,30,8,30,0,30,0,30,630,60,24,0.4,1.92,0.96,0.24,543,,,
329,870,845,30,8,30,0,30,0,30,630,60,24,0.4,1.63,0.71,0.17,524,,,
330,870,845,30,8,30,0,30,0,30,630,60,24,0.38,1.8,0.75,0.23,571,,,
331,870,845,30,8,30,0,30,0,30,630,60,24,0.4,1.71,0.74,0.2,542,,,
332,870,845,30,8,30,0,30,0,30,630,60,24,0.42,1.69,0.73,0.22,531,,,
333,870,845,30,8,30,0,30,0,30,630,60,24,0.38,1.66,0.72,0.16,531,,,
334,870,845,30,8,30,0,30,0,30,630,60,24,0.41,1.84,0.74,0.22,512,,,
335,870,845,30,8,30,0,30,0,30,630,60,24,0.39,1.76,0.82,0.23,563,,,
336,870,845,30,8,30,0,30,0,30,630,60,24,0.38,1.75,0.74,0.19,550,,,
337,870,845,30,8,30,0,30,0,30,630,60,24,0.42,1.9,0.86,0.24,583,,,
338,870,845,30,8,30,0,30,0,30,630,60,24,0.37,1.88,0.9,0.24,583,,,
339,870,845,30,8,30,0,30,0,30,630,60,24,0.43,1.62,0.68,0.17,550,,,
340,870,845,30,8,30,0,30,0,30,680,60,24,0.39,1.67,0.72,0.18,482,,,
341,870,845,30,8,30,0,30,0,30,680,60,24,0.4,1.82,0.78,0.18,482,,,
342,870,845,30,8,30,0,30,0,30,680,60,24,0.4,1.92,0.96,0.24,490,,,
343,870,845,30,8,30,0,30,0,30,680,60,24,0.4,1.63,0.71,0.17,476,,,
344,870,845,30,8,30,0,30,0,30,680,60,24,0.38,1.8,0.75,0.23,483,,,
345,870,845,30,8,30,0,30,0,30,680,60,24,0.4,1.71,0.74,0.2,480,,,
346,870,845,30,8,30,0,30,0,30,680,60,24,0.42,1.69,0.73,0.22,491,,,
347,870,845,30,8,30,0,30,0,30,680,60,24,0.38,1.66,0.72,0.16,471,,,
348,870,845,30,8,30,0,30,0,30,680,60,24,0.41,1.84,0.74,0.22,469,,,
349,870,845,30,8,30,0,30,0,30,680,60,24,0.39,1.76,0.82,0.23,490,,,
350,870,845,30,8,30,0,30,0,30,680,60,24,0.38,1.75,0.74,0.19,483,,,
351,870,845,30,8,30,0,30,0,30,680,60,24,0.42,1.9,0.86,0.24,498,,,
352,870,845,30,8,30,0,30,0,30,680,60,24,0.37,1.88,0.9,0.24,491,,,
353,870,845,30,8,30,0,30,0,30,680,60,24,0.43,1.62,0.68,0.17,463,,,
354,870,845,30,8,30,0,30,0,30,580,60,24,0.47,1.76,0.79,0,600,,,
355,870,845,30,8,30,0,30,0,30,580,60,24,0.47,1.67,0.71,0,615,,,
356,870,845,30,8,30,0,30,0,30,580,60,24,0.44,1.74,0.79,0,607,,,
357,870,845,30,8,30,0,30,0,30,580,60,24,0.45,1.65,0.73,0,596,,,
358,870,845,30,8,30,0,30,0,30,580,60,24,0.48,1.66,0.73,0,618,,,
359,870,845,30,8,30,0,30,0,30,580,60,24,0.49,1.8,0.77,0,585,,,
360,870,845,30,8,30,0,30,0,30,630,60,24,0.47,1.76,0.79,0,551,,,
361,870,845,30,8,30,0,30,0,30,630,60,24,0.47,1.67,0.71,0,556,,,
362,870,845,30,8,30,0,30,0,30,630,60,24,0.44,1.74,0.79,0,550,,,
363,870,845,30,8,30,0,30,0,30,630,60,24,0.45,1.65,0.73,0,537,,,
364,870,845,30,8,30,0,30,0,30,630,60,24,0.48,1.66,0.73,0,543,,,
365,870,845,30,8,30,0,30,0,30,630,60,24,0.49,1.8,0.77,0,543,,,
366,870,845,30,8,30,0,30,0,30,680,60,24,0.47,1.76,0.79,0,471,,,
367,870,845,30,8,30,0,30,0,30,680,60,24,0.47,1.67,0.71,0,476,,,
368,870,845,30,8,30,0,30,0,30,680,60,24,0.44,1.74,0.79,0,482,,,
369,870,845,30,8,30,0,30,0,30,680,60,24,0.45,1.65,0.73,0,477,,,
370,870,845,30,8,30,0,30,0,30,680,60,24,0.48,1.66,0.73,0,491,,,
371,870,845,30,8,30,0,30,0,30,680,60,24,0.49,1.8,0.77,0,479,,,
372,845,845,30,8,30,0,30,0,30,430,60,24,0.6,0.05,0.15,0,781,,,
373,845,845,30,8,30,0,30,0,30,430,60,24,0.59,0.01,0.15,0,698,,,
374,845,845,30,8,30,0,30,0,30,430,60,24,0.61,0.16,0.16,0,906,,,
375,845,845,30,8,30,0,30,0,30,500,60,24,0.6,0.05,0.15,0,740,,,
376,845,845,30,8,30,0,30,0,30,500,60,24,0.59,0.01,0.15,0,678,,,
377,845,845,30,8,30,0,30,0,30,500,60,24,0.61,0.16,0.16,0,770,,,
378,845,845,30,8,30,0,30,0,30,420,60,24,0.61,0.08,0.87,0.05,794,,,
379,845,845,30,8,30,0,30,0,30,420,60,24,0.63,0.03,0.81,0.01,855,,,
380,845,845,30,8,30,0,30,0,30,420,60,24,0.62,0.05,0.75,0.03,768,,,
381,845,845,30,8,30,0,30,0,30,490,60,24,0.61,0.08,0.87,0.05,745,,,
382,845,845,30,8,30,0,30,0,30,490,60,24,0.63,0.03,0.81,0.01,707,,,
383,845,845,30,8,30,0,30,0,30,490,60,24,0.62,0.05,0.75,0.03,718,,,
384,845,845,30,8,30,0,30,0,30,430,60,24,0.53,0.02,0.74,0,874,,,
385,845,845,30,8,30,0,30,0,30,430,60,24,0.53,0.04,0.63,0.01,829,,,
386,845,845,30,8,30,0,30,0,30,430,60,24,0.53,0.13,0.68,0.05,700,,,
387,845,845,30,8,30,0,30,0,30,500,60,24,0.54,0.02,0.74,0,806,,,
388,845,845,30,8,30,0,30,0,30,500,60,24,0.53,0.04,0.64,0.01,720,,,
389,845,845,30,8,30,0,30,0,30,500,60,24,0.53,0.13,0.67,0.05,688,,,
390,930,30,0,0,930,139.8,850,15,60,160,120,0.5,0.21,1.62,0.59,0.21,1034,,,
391,930,30,0,0,930,139.8,850,15,60,160,120,0.5,0.23,1.69,0.55,0.18,1139,,,
392,930,30,0,0,930,139.8,850,15,60,160,120,0.5,0.17,1.64,0.45,0.16,1002,,,
393,930,30,0,0,930,469.8,850,15,60,160,120,0.5,0.21,1.62,0.59,0.21,1056,,,
394,930,30,0,0,930,469.8,850,15,60,160,120,0.5,0.23,1.69,0.55,0.18,1124,,,
395,930,30,0,0,930,469.8,850,15,60,160,120,0.5,0.17,1.64,0.45,0.16,1082,,,
396,930,30,0,0,930,540,850,15,140,160,120,0.5,0.21,1.62,0.59,0.21,1054,,,
397,930,30,0,0,930,540,850,15,140,160,120,0.5,0.23,1.69,0.55,0.18,1190,,,
398,930,30,0,0,930,540,850,15,140,160,120,0.5,0.17,1.64,0.45,0.16,935,,,
399,930,30,0,0,930,469.8,850,15,60,200,120,0.5,0.21,1.62,0.59,0.21,1037,,,
400,930,30,0,0,930,469.8,850,15,60,200,120,0.5,0.23,1.69,0.55,0.18,1110,,,
401,930,30,0,0,930,469.8,850,15,60,200,120,0.5,0.17,1.64,0.45,0.16,1035,,,
402,930,30,0,0,930,130.2,882.381,25.2,60,160,120,0.5,0.2,0.46,0.47,0.19,927,,,
403,930,30,0,0,930,130.2,882.381,25.2,60,160,120,0.5,0.23,0.44,0.6,0.16,976,,,
404,930,30,0,0,930,130.2,882.381,25.2,60,160,120,0.5,0.18,0.56,0.62,0.17,986,,,
405,930,30,0,0,930,450,895.517,34.8,60,160,120,0.5,0.2,0.46,0.47,0.19,956,,,
406,930,30,0,0,930,450,895.517,34.8,60,160,120,0.5,0.23,0.44,0.6,0.16,946,,,
407,930,30,0,0,930,450,895.517,34.8,60,160,120,0.5,0.18,0.56,0.62,0.17,1089,,,
408,930,30,0,0,930,510,903.333,45,140,160,120,0.5,0.2,0.46,0.47,0.19,960,,,
409,930,30,0,0,930,510,903.333,45,140,160,120,0.5,0.23,0.44,0.6,0.16,1033,,,
410,930,30,0,0,930,510,903.333,45,140,160,120,0.5,0.18,0.56,0.62,0.17,1080,,,
411,930,30,0,0,930,450,895.517,34.8,60,200,120,0.5,0.2,0.46,0.47,0.19,924,,,
412,930,30,0,0,930,450,895.517,34.8,60,200,120,0.5,0.23,0.44,0.6,0.16,1009,,,
413,930,30,0,0,930,450,895.517,34.8,60,200,120,0.5,0.18,0.56,0.62,0.17,1053,,,
414,930,30,0,0,930,100.2,895.517,34.8,60,160,120,0.5,0.21,0.08,1.09,0.03,854,,,
415,930,30,0,0,930,100.2,895.517,34.8,60,160,120,0.5,0.23,0.04,1.14,0.02,1086,,,
416,930,30,0,0,930,100.2,895.517,34.8,60,160,120,0.5,0.19,0.12,1.02,0.05,889,,,
417,930,30,0,0,930,499.8,895.812,70.2,60,160,120,0.5,0.21,0.08,1.09,0.03,884,,,
418,930,30,0,0,930,499.8,895.812,70.2,60,160,120,0.5,0.23,0.04,1.14,0.02,1057,,,
419,930,30,0,0,930,499.8,895.812,70.2,60,160,120,0.5,0.19,0.12,1.02,0.05,900,,,
420,930,30,0,0,930,529.8,895.812,70.2,140,160,120,0.5,0.21,0.08,1.09,0.03,876,,,
421,930,30,0,0,930,529.8,895.812,70.2,140,160,120,0.5,0.23,0.04,1.14,0.02,1068,,,
422,930,30,0,0,930,529.8,895.812,70.2,140,160,120,0.5,0.19,0.12,1.02,0.05,838,,,
423,930,30,0,0,930,499.8,895.812,70.2,60,200,120,0.5,0.21,0.08,1.09,0.03,873,,,
424,930,30,0,0,930,499.8,895.812,70.2,60,200,120,0.5,0.23,0.04,1.14,0.02,1120,,,
425,930,30,0,0,930,499.8,895.812,70.2,60,200,120,0.5,0.19,0.12,1.02,0.05,898,,,
426,930,30,0,0,930,90,881.807,49.8,60,160,120,0.5,0.21,0.06,1.17,0.17,1074,,,
427,930,30,0,0,930,90,881.807,49.8,60,160,120,0.5,0.21,0.02,0.91,0.15,1006,,,
428,930,30,0,0,930,90,881.807,49.8,60,160,120,0.5,0.18,0.07,1.08,0.15,858,,,
429,930,30,0,0,930,340.2,895.812,70.2,60,160,120,0.5,0.21,0.06,1.17,0.17,1144,,,
430,930,30,0,0,930,340.2,895.812,70.2,60,160,120,0.5,0.21,0.02,0.91,0.15,1028,,,
431,930,30,0,0,930,340.2,895.812,70.2,60,160,120,0.5,0.18,0.07,1.08,0.15,948,,,
432,930,30,0,0,930,340.2,895.812,70.2,140,160,120,0.5,0.21,0.06,1.17,0.17,1080,,,
433,930,30,0,0,930,340.2,895.812,70.2,140,160,120,0.5,0.21,0.02,0.91,0.15,1030,,,
434,930,30,0,0,930,340.2,895.812,70.2,140,160,120,0.5,0.18,0.07,1.08,0.15,957,,,
435,930,30,0,0,930,340.2,895.812,70.2,60,200,120,0.5,0.21,0.06,1.17,0.17,1104,,,
436,930,30,0,0,930,340.2,895.812,70.2,60,200,120,0.5,0.21,0.02,0.91,0.15,1008,,,
437,930,30,0,0,930,340.2,895.812,70.2,60,200,120,0.5,0.18,0.07,1.08,0.15,882,,,
